"exposure","crop","crop_label","specification","cutoff_km","estimate","standard_error","p_value","vcov_fixed","vcov_warning","observations"
"Excess salinity above FAO threshold","corn","Corn","Spec. 1",50,-0.0848392819284813,0.0211588557308814,6.08514401039773e-05,FALSE,"",114025
"Excess salinity above FAO threshold","corn","Corn","Spec. 1",100,-0.0848392819284813,0.0210610170966753,5.62272271757969e-05,FALSE,"",114025
"Excess salinity above FAO threshold","corn","Corn","Spec. 1",200,-0.0848392819284813,0.0246509547628779,0.000578443717669709,FALSE,"",114025
"Excess salinity above FAO threshold","corn","Corn","Spec. 1",250,-0.0848392819284813,0.0228399381743174,0.000203691246977438,FALSE,"",114025
"Excess salinity above FAO threshold","corn","Corn","Spec. 1",300,-0.0848392819284813,0.0237263047249123,0.000349372557300222,FALSE,"",114025
"Excess salinity above FAO threshold","corn","Corn","Spec. 2",50,-0.0813813496408613,0.0211389818897315,0.000118267440964038,FALSE,"",114025
"Excess salinity above FAO threshold","corn","Corn","Spec. 2",100,-0.0813813496408613,0.0210548041162318,0.000111052740795743,FALSE,"",114025
"Excess salinity above FAO threshold","corn","Corn","Spec. 2",200,-0.0813813496408613,0.0233259479476153,0.000485238267299262,FALSE,"",114025
"Excess salinity above FAO threshold","corn","Corn","Spec. 2",250,-0.0813813496408613,0.0213456750294299,0.000137615424731655,FALSE,"",114025
"Excess salinity above FAO threshold","corn","Corn","Spec. 2",300,-0.0813813496408613,0.0220803853997584,0.0002281937579074,FALSE,"",114025
"Excess salinity above FAO threshold","corn","Corn","Spec. 3",50,-0.0732038105807869,0.020264241955405,0.000303433450636746,FALSE,"",114025
"Excess salinity above FAO threshold","corn","Corn","Spec. 3",100,-0.0732038105807869,0.0200049745224725,0.00025303850215368,FALSE,"",114025
"Excess salinity above FAO threshold","corn","Corn","Spec. 3",200,-0.0732038105807869,0.0217430167463217,0.000760782721545228,FALSE,"",114025
"Excess salinity above FAO threshold","corn","Corn","Spec. 3",250,-0.0732038105807869,0.0198095095275579,0.000219654492766545,FALSE,"",114025
"Excess salinity above FAO threshold","corn","Corn","Spec. 3",300,-0.0732038105807869,0.0209669500131904,0.000480695037344783,FALSE,"",114025
"Excess salinity above FAO threshold","rice","Rice","Spec. 1",50,0.042353878782435,0.0630966741697476,0.502061244204849,FALSE,"",66072
"Excess salinity above FAO threshold","rice","Rice","Spec. 1",100,0.042353878782435,0.0603384754161764,0.482720199766939,FALSE,"",66072
"Excess salinity above FAO threshold","rice","Rice","Spec. 1",200,0.042353878782435,0.0619503042258041,0.494182765892705,FALSE,"",66072
"Excess salinity above FAO threshold","rice","Rice","Spec. 1",250,0.042353878782435,0.0703803497840447,0.547318948803272,FALSE,"",66072
"Excess salinity above FAO threshold","rice","Rice","Spec. 1",300,0.042353878782435,0.0635966544147315,0.505428432829765,FALSE,"",66072
"Excess salinity above FAO threshold","rice","Rice","Spec. 2",50,0.0325907786497473,0.0587089128547444,0.578811121227032,FALSE,"",66072
"Excess salinity above FAO threshold","rice","Rice","Spec. 2",100,0.0325907786497473,0.054473692442854,0.54965201233425,FALSE,"",66072
"Excess salinity above FAO threshold","rice","Rice","Spec. 2",200,0.0325907786497473,0.054466794760252,0.549601467098185,FALSE,"",66072
"Excess salinity above FAO threshold","rice","Rice","Spec. 2",250,0.0325907786497473,0.0646402122975756,0.614131396908897,FALSE,"",66072
"Excess salinity above FAO threshold","rice","Rice","Spec. 2",300,0.0325907786497473,0.0553771328002635,0.556182558263018,FALSE,"",66072
"Excess salinity above FAO threshold","rice","Rice","Spec. 3",50,0.0119286191094075,0.0519740901242862,0.818472576935334,FALSE,"",66072
"Excess salinity above FAO threshold","rice","Rice","Spec. 3",100,0.0119286191094075,0.0470400463080479,0.799817485425034,FALSE,"",66072
"Excess salinity above FAO threshold","rice","Rice","Spec. 3",200,0.0119286191094075,0.0438652036220184,0.785670483265892,FALSE,"",66072
"Excess salinity above FAO threshold","rice","Rice","Spec. 3",250,0.0119286191094075,0.0542413617339916,0.825936166566669,FALSE,"",66072
"Excess salinity above FAO threshold","rice","Rice","Spec. 3",300,0.0119286191094075,0.0382205299209693,0.75496567661141,TRUE,"The VCOV matrix is not positive semi-definite and was 'fixed' (see ?vcov).",66072
"Excess salinity above FAO threshold","cassava","Cassava","Spec. 1",50,-0.0231544411581278,0.0152571107164711,0.129114488351403,FALSE,"",94296
"Excess salinity above FAO threshold","cassava","Cassava","Spec. 1",100,-0.0231544411581278,0.0162874972132595,0.15514330356654,FALSE,"",94296
"Excess salinity above FAO threshold","cassava","Cassava","Spec. 1",200,-0.0231544411581278,0.0175885814557177,0.188027145212985,FALSE,"",94296
"Excess salinity above FAO threshold","cassava","Cassava","Spec. 1",250,-0.0231544411581278,0.0161583490965895,0.151869521254426,FALSE,"",94296
"Excess salinity above FAO threshold","cassava","Cassava","Spec. 1",300,-0.0231544411581278,0.015235833389171,0.128580748925654,FALSE,"",94296
"Excess salinity above FAO threshold","cassava","Cassava","Spec. 2",50,-0.0227137383128626,0.0152661389991529,0.136793569854651,FALSE,"",94296
"Excess salinity above FAO threshold","cassava","Cassava","Spec. 2",100,-0.0227137383128626,0.0161658750191518,0.160011994064172,FALSE,"",94296
"Excess salinity above FAO threshold","cassava","Cassava","Spec. 2",200,-0.0227137383128626,0.0172953178459305,0.189089021421908,FALSE,"",94296
"Excess salinity above FAO threshold","cassava","Cassava","Spec. 2",250,-0.0227137383128626,0.0158656515871812,0.152253135578578,FALSE,"",94296
"Excess salinity above FAO threshold","cassava","Cassava","Spec. 2",300,-0.0227137383128626,0.0150025463068247,0.130031166964035,FALSE,"",94296
"Excess salinity above FAO threshold","cassava","Cassava","Spec. 3",50,-0.022711259268265,0.01538180873629,0.139812730457164,FALSE,"",94296
"Excess salinity above FAO threshold","cassava","Cassava","Spec. 3",100,-0.022711259268265,0.0163757456966595,0.165480425136898,FALSE,"",94296
"Excess salinity above FAO threshold","cassava","Cassava","Spec. 3",200,-0.022711259268265,0.0173161387524685,0.189669797498169,FALSE,"",94296
"Excess salinity above FAO threshold","cassava","Cassava","Spec. 3",250,-0.022711259268265,0.0162720677282779,0.162801952178378,FALSE,"",94296
"Excess salinity above FAO threshold","cassava","Cassava","Spec. 3",300,-0.022711259268265,0.0154510972437347,0.141597587079553,FALSE,"",94296
"Excess salinity above FAO threshold","beans","Beans","Spec. 1",50,-0.030029091068816,0.0154061836126454,0.0512792480627834,FALSE,"",102376
"Excess salinity above FAO threshold","beans","Beans","Spec. 1",100,-0.030029091068816,0.0174801552660831,0.085818587930283,FALSE,"",102376
"Excess salinity above FAO threshold","beans","Beans","Spec. 1",200,-0.030029091068816,0.0153983895224727,0.0511615752384859,FALSE,"",102376
"Excess salinity above FAO threshold","beans","Beans","Spec. 1",250,-0.030029091068816,0.0151064569922028,0.046832988703247,FALSE,"",102376
"Excess salinity above FAO threshold","beans","Beans","Spec. 1",300,-0.030029091068816,0.0137509130042115,0.0289800266847518,FALSE,"",102376
"Excess salinity above FAO threshold","beans","Beans","Spec. 2",50,-0.0294904191835817,0.0156134050886436,0.0589230062299239,FALSE,"",102376
"Excess salinity above FAO threshold","beans","Beans","Spec. 2",100,-0.0294904191835817,0.0178650238071141,0.098795776455805,FALSE,"",102376
"Excess salinity above FAO threshold","beans","Beans","Spec. 2",200,-0.0294904191835817,0.0149738973037508,0.0489035408607346,FALSE,"",102376
"Excess salinity above FAO threshold","beans","Beans","Spec. 2",250,-0.0294904191835817,0.0142727515709417,0.0388117130963512,FALSE,"",102376
"Excess salinity above FAO threshold","beans","Beans","Spec. 2",300,-0.0294904191835817,0.0124938314657711,0.0182571854754193,FALSE,"",102376
"Excess salinity above FAO threshold","beans","Beans","Spec. 3",50,-0.0245481938131774,0.0145786770700791,0.0922151906284593,FALSE,"",102376
"Excess salinity above FAO threshold","beans","Beans","Spec. 3",100,-0.0245481938131774,0.0166268541802605,0.139834677227088,FALSE,"",102376
"Excess salinity above FAO threshold","beans","Beans","Spec. 3",200,-0.0245481938131774,0.0140115232750259,0.0797767411272608,FALSE,"",102376
"Excess salinity above FAO threshold","beans","Beans","Spec. 3",250,-0.0245481938131774,0.0137523312665538,0.0742609459033384,FALSE,"",102376
"Excess salinity above FAO threshold","beans","Beans","Spec. 3",300,-0.0245481938131774,0.0133315751033992,0.0655721008516571,FALSE,"",102376
"Excess salinity above FAO threshold","soy","Soybeans","Spec. 1",50,-0.186908345235041,0.253775011886967,0.461424311708737,FALSE,"",33563
"Excess salinity above FAO threshold","soy","Soybeans","Spec. 1",100,-0.186908345235041,0.281440219450144,0.506622018799239,FALSE,"",33563
"Excess salinity above FAO threshold","soy","Soybeans","Spec. 1",200,-0.186908345235041,0.248900203588723,0.45269590696889,FALSE,"",33563
"Excess salinity above FAO threshold","soy","Soybeans","Spec. 1",250,-0.186908345235041,0.147873219673378,0.206247077968497,FALSE,"",33563
"Excess salinity above FAO threshold","soy","Soybeans","Spec. 1",300,-0.186908345235041,1e-06,0,TRUE,"The VCOV matrix is not positive semi-definite and was 'fixed' (see ?vcov).",33563
"Excess salinity above FAO threshold","soy","Soybeans","Spec. 2",50,-0.135005809889104,0.253274216318489,0.594007999052803,FALSE,"",33563
"Excess salinity above FAO threshold","soy","Soybeans","Spec. 2",100,-0.135005809889104,0.283218301058285,0.633589819046178,FALSE,"",33563
"Excess salinity above FAO threshold","soy","Soybeans","Spec. 2",200,-0.135005809889104,0.224271033912404,0.547194095053269,FALSE,"",33563
"Excess salinity above FAO threshold","soy","Soybeans","Spec. 2",250,-0.135005809889104,0.0832302681871244,0.104796506846211,TRUE,"The VCOV matrix is not positive semi-definite and was 'fixed' (see ?vcov).",33563
"Excess salinity above FAO threshold","soy","Soybeans","Spec. 2",300,-0.135005809889104,0.0104928350628568,8.54131904400974e-38,TRUE,"The VCOV matrix is not positive semi-definite and was 'fixed' (see ?vcov).",33563
"Excess salinity above FAO threshold","soy","Soybeans","Spec. 3",50,-0.167423205748619,0.230533557436,0.467695355765514,FALSE,"",33563
"Excess salinity above FAO threshold","soy","Soybeans","Spec. 3",100,-0.167423205748619,0.254687929616968,0.510950070379526,FALSE,"",33563
"Excess salinity above FAO threshold","soy","Soybeans","Spec. 3",200,-0.167423205748619,0.23030182383372,0.467247577840604,TRUE,"The VCOV matrix is not positive semi-definite and was 'fixed' (see ?vcov).",33563
"Excess salinity above FAO threshold","soy","Soybeans","Spec. 3",250,-0.167423205748619,0.126309400835552,0.185014153429574,TRUE,"The VCOV matrix is not positive semi-definite and was 'fixed' (see ?vcov).",33563
"Excess salinity above FAO threshold","soy","Soybeans","Spec. 3",300,-0.167423205748619,0.0386322856681834,1.47007741536748e-05,TRUE,"The VCOV matrix is not positive semi-definite and was 'fixed' (see ?vcov).",33563
"Excess salinity above FAO threshold","sugarcane","Sugarcane","Spec. 1",50,-0.00907045872352437,0.0333186196670708,0.785443140951383,FALSE,"",57069
"Excess salinity above FAO threshold","sugarcane","Sugarcane","Spec. 1",100,-0.00907045872352437,0.0333379516502742,0.785564517252006,FALSE,"",57069
"Excess salinity above FAO threshold","sugarcane","Sugarcane","Spec. 1",200,-0.00907045872352437,0.0122530885274742,0.459145917618369,FALSE,"",57069
"Excess salinity above FAO threshold","sugarcane","Sugarcane","Spec. 1",250,-0.00907045872352437,0.027854777764771,0.744702587494603,FALSE,"",57069
"Excess salinity above FAO threshold","sugarcane","Sugarcane","Spec. 1",300,-0.00907045872352437,0.0230225573993406,0.693596266087429,FALSE,"",57069
"Excess salinity above FAO threshold","sugarcane","Sugarcane","Spec. 2",50,-0.0152134398634738,0.0327812198037726,0.64258495947555,FALSE,"",57069
"Excess salinity above FAO threshold","sugarcane","Sugarcane","Spec. 2",100,-0.0152134398634738,0.0311256519207816,0.625002893493807,FALSE,"",57069
"Excess salinity above FAO threshold","sugarcane","Sugarcane","Spec. 2",200,-0.0152134398634738,0.0124088093274629,0.220196470353432,FALSE,"",57069
"Excess salinity above FAO threshold","sugarcane","Sugarcane","Spec. 2",250,-0.0152134398634738,0.0279758901612058,0.586577524984477,FALSE,"",57069
"Excess salinity above FAO threshold","sugarcane","Sugarcane","Spec. 2",300,-0.0152134398634738,0.0218672679947655,0.486608631930021,FALSE,"",57069
"Excess salinity above FAO threshold","sugarcane","Sugarcane","Spec. 3",50,-0.0222050512487639,0.0312833303898954,0.477828229517185,FALSE,"",57069
"Excess salinity above FAO threshold","sugarcane","Sugarcane","Spec. 3",100,-0.0222050512487639,0.0312450867254004,0.47728956836873,FALSE,"",57069
"Excess salinity above FAO threshold","sugarcane","Sugarcane","Spec. 3",200,-0.0222050512487639,0.0148024536686209,0.133595952757727,FALSE,"",57069
"Excess salinity above FAO threshold","sugarcane","Sugarcane","Spec. 3",250,-0.0222050512487639,0.0272212991681225,0.414661748056234,TRUE,"The VCOV matrix is not positive semi-definite and was 'fixed' (see ?vcov).",57069
"Excess salinity above FAO threshold","sugarcane","Sugarcane","Spec. 3",300,-0.0222050512487639,0.0220052729114272,0.312941193951062,TRUE,"The VCOV matrix is not positive semi-definite and was 'fixed' (see ?vcov).",57069
"Mean salinity","corn","Corn","Spec. 1",50,-0.0605083240063002,0.0143062887010239,2.3440276538213e-05,FALSE,"",114025
"Mean salinity","corn","Corn","Spec. 1",100,-0.0605083240063002,0.0140173439185181,1.58530172524962e-05,FALSE,"",114025
"Mean salinity","corn","Corn","Spec. 1",200,-0.0605083240063002,0.0151239348885489,6.31599546495196e-05,FALSE,"",114025
"Mean salinity","corn","Corn","Spec. 1",250,-0.0605083240063002,0.0135733684618818,8.28565480907089e-06,FALSE,"",114025
"Mean salinity","corn","Corn","Spec. 1",300,-0.0605083240063002,0.0151298612619128,6.35795371419442e-05,FALSE,"",114025
"Mean salinity","corn","Corn","Spec. 2",50,-0.0604359283124835,0.014467620523583,2.95178825578369e-05,FALSE,"",114025
"Mean salinity","corn","Corn","Spec. 2",100,-0.0604359283124835,0.0143603991591453,2.57253103675796e-05,FALSE,"",114025
"Mean salinity","corn","Corn","Spec. 2",200,-0.0604359283124835,0.0143868744025175,2.662124517828e-05,FALSE,"",114025
"Mean salinity","corn","Corn","Spec. 2",250,-0.0604359283124835,0.0127452866726788,2.1205630110555e-06,FALSE,"",114025
"Mean salinity","corn","Corn","Spec. 2",300,-0.0604359283124835,0.0141050801869303,1.83142054126528e-05,FALSE,"",114025
"Mean salinity","corn","Corn","Spec. 3",50,-0.0526385838073995,0.0136561352415476,0.000115994852206362,FALSE,"",114025
"Mean salinity","corn","Corn","Spec. 3",100,-0.0526385838073995,0.0132961997633522,7.53352647866178e-05,FALSE,"",114025
"Mean salinity","corn","Corn","Spec. 3",200,-0.0526385838073995,0.0128692955360031,4.31211609027635e-05,FALSE,"",114025
"Mean salinity","corn","Corn","Spec. 3",250,-0.0526385838073995,0.0111088676895618,2.15640313754377e-06,FALSE,"",114025
"Mean salinity","corn","Corn","Spec. 3",300,-0.0526385838073995,0.0128235568009501,4.04885021109025e-05,FALSE,"",114025
"Mean salinity","rice","Rice","Spec. 1",50,0.0200311748194382,0.03436449845829,0.559960482148675,FALSE,"",66072
"Mean salinity","rice","Rice","Spec. 1",100,0.0200311748194382,0.031169569436655,0.520452400307485,FALSE,"",66072
"Mean salinity","rice","Rice","Spec. 1",200,0.0200311748194382,0.0320192516827685,0.531580915227595,FALSE,"",66072
"Mean salinity","rice","Rice","Spec. 1",250,0.0200311748194382,0.034083476998109,0.55672947303438,FALSE,"",66072
"Mean salinity","rice","Rice","Spec. 1",300,0.0200311748194382,0.0375397227338663,0.593620495571343,FALSE,"",66072
"Mean salinity","rice","Rice","Spec. 2",50,0.0164050575940885,0.0320769545539135,0.609052996265435,FALSE,"",66072
"Mean salinity","rice","Rice","Spec. 2",100,0.0164050575940885,0.0280938730909394,0.559264558644384,FALSE,"",66072
"Mean salinity","rice","Rice","Spec. 2",200,0.0164050575940885,0.0299693148732094,0.584109136958751,FALSE,"",66072
"Mean salinity","rice","Rice","Spec. 2",250,0.0164050575940885,0.0324430809606362,0.613099437294736,FALSE,"",66072
"Mean salinity","rice","Rice","Spec. 2",300,0.0164050575940885,0.0343244362311905,0.632693734796429,FALSE,"",66072
"Mean salinity","rice","Rice","Spec. 3",50,0.0151004620228818,0.029361564191221,0.607048516922608,FALSE,"",66072
"Mean salinity","rice","Rice","Spec. 3",100,0.0151004620228818,0.0246814814586215,0.540663304383377,FALSE,"",66072
"Mean salinity","rice","Rice","Spec. 3",200,0.0151004620228818,0.0244797296164181,0.537332001350558,FALSE,"",66072
"Mean salinity","rice","Rice","Spec. 3",250,0.0151004620228818,0.027478974479424,0.582645109533234,FALSE,"",66072
"Mean salinity","rice","Rice","Spec. 3",300,0.0151004620228818,0.0279512365043012,0.589031230637141,TRUE,"The VCOV matrix is not positive semi-definite and was 'fixed' (see ?vcov).",66072
"Mean salinity","cassava","Cassava","Spec. 1",50,-0.0136789119789409,0.0114985524757473,0.234198641610048,FALSE,"",94296
"Mean salinity","cassava","Cassava","Spec. 1",100,-0.0136789119789409,0.0126458158501766,0.279390976333492,FALSE,"",94296
"Mean salinity","cassava","Cassava","Spec. 1",200,-0.0136789119789409,0.0133170087546933,0.304340225943036,FALSE,"",94296
"Mean salinity","cassava","Cassava","Spec. 1",250,-0.0136789119789409,0.0124975342808672,0.273725892779318,FALSE,"",94296
"Mean salinity","cassava","Cassava","Spec. 1",300,-0.0136789119789409,0.0119475730138048,0.252248787767159,FALSE,"",94296
"Mean salinity","cassava","Cassava","Spec. 2",50,-0.013794289100765,0.0115054878292614,0.230557686785936,FALSE,"",94296
"Mean salinity","cassava","Cassava","Spec. 2",100,-0.013794289100765,0.0125487604957253,0.271659614233621,FALSE,"",94296
"Mean salinity","cassava","Cassava","Spec. 2",200,-0.013794289100765,0.0131796423187901,0.295270141075718,FALSE,"",94296
"Mean salinity","cassava","Cassava","Spec. 2",250,-0.013794289100765,0.0123992507299241,0.265921816312417,FALSE,"",94296
"Mean salinity","cassava","Cassava","Spec. 2",300,-0.013794289100765,0.0119080067386282,0.246701921142885,FALSE,"",94296
"Mean salinity","cassava","Cassava","Spec. 3",50,-0.0134237695213363,0.0115352839718163,0.244542947570984,FALSE,"",94296
"Mean salinity","cassava","Cassava","Spec. 3",100,-0.0134237695213363,0.0125801561807922,0.285947904267199,FALSE,"",94296
"Mean salinity","cassava","Cassava","Spec. 3",200,-0.0134237695213363,0.0128969573594354,0.297948867517969,FALSE,"",94296
"Mean salinity","cassava","Cassava","Spec. 3",250,-0.0134237695213363,0.0123997400885545,0.278995548815896,FALSE,"",94296
"Mean salinity","cassava","Cassava","Spec. 3",300,-0.0134237695213363,0.0119037740925101,0.259453643679804,FALSE,"",94296
"Mean salinity","beans","Beans","Spec. 1",50,-0.0238929183045264,0.0134469857978337,0.0756002790766182,FALSE,"",102376
"Mean salinity","beans","Beans","Spec. 1",100,-0.0238929183045264,0.0151243915598577,0.114164785873376,FALSE,"",102376
"Mean salinity","beans","Beans","Spec. 1",200,-0.0238929183045264,0.0137634125459132,0.0825715446553373,FALSE,"",102376
"Mean salinity","beans","Beans","Spec. 1",250,-0.0238929183045264,0.0136659940853653,0.0804067228476899,FALSE,"",102376
"Mean salinity","beans","Beans","Spec. 1",300,-0.0238929183045264,0.0125297195913547,0.0565363765692452,FALSE,"",102376
"Mean salinity","beans","Beans","Spec. 2",50,-0.0246670354095862,0.0136575181305177,0.0709034630592837,FALSE,"",102376
"Mean salinity","beans","Beans","Spec. 2",100,-0.0246670354095862,0.0154735137676203,0.110906493692358,FALSE,"",102376
"Mean salinity","beans","Beans","Spec. 2",200,-0.0246670354095862,0.0133778163230354,0.0652040920062246,FALSE,"",102376
"Mean salinity","beans","Beans","Spec. 2",250,-0.0246670354095862,0.0128723599713802,0.0553323519581749,FALSE,"",102376
"Mean salinity","beans","Beans","Spec. 2",300,-0.0246670354095862,0.0112714876577418,0.028639426019333,FALSE,"",102376
"Mean salinity","beans","Beans","Spec. 3",50,-0.0199557520435584,0.0127546566510648,0.11768320116447,FALSE,"",102376
"Mean salinity","beans","Beans","Spec. 3",100,-0.0199557520435584,0.0142494275405808,0.161378671721456,FALSE,"",102376
"Mean salinity","beans","Beans","Spec. 3",200,-0.0199557520435584,0.0122965250371522,0.104618705248906,FALSE,"",102376
"Mean salinity","beans","Beans","Spec. 3",250,-0.0199557520435584,0.0123365797222437,0.105750151126197,FALSE,"",102376
"Mean salinity","beans","Beans","Spec. 3",300,-0.0199557520435584,0.011866622775263,0.0926357603811201,FALSE,"",102376
"Mean salinity","soy","Soybeans","Spec. 1",50,-0.0696956455225168,0.0179390214817064,0.000102466504968282,FALSE,"",33563
"Mean salinity","soy","Soybeans","Spec. 1",100,-0.0696956455225168,0.0205957364622578,0.000715239089771341,FALSE,"",33563
"Mean salinity","soy","Soybeans","Spec. 1",200,-0.0696956455225168,0.0182872871106659,0.000138567278869561,FALSE,"",33563
"Mean salinity","soy","Soybeans","Spec. 1",250,-0.0696956455225168,0.0159671954178864,1.27545197403068e-05,FALSE,"",33563
"Mean salinity","soy","Soybeans","Spec. 1",300,-0.0696956455225168,0.00992157655845696,2.18684268539191e-12,FALSE,"",33563
"Mean salinity","soy","Soybeans","Spec. 2",50,-0.0651897559900737,0.0182507574074992,0.000354906239482701,FALSE,"",33563
"Mean salinity","soy","Soybeans","Spec. 2",100,-0.0651897559900737,0.0203713380610361,0.00137520990040329,FALSE,"",33563
"Mean salinity","soy","Soybeans","Spec. 2",200,-0.0651897559900737,0.0165202816668454,7.96149056852618e-05,FALSE,"",33563
"Mean salinity","soy","Soybeans","Spec. 2",250,-0.0651897559900737,0.0126422076065766,2.53013968968378e-07,TRUE,"The VCOV matrix is not positive semi-definite and was 'fixed' (see ?vcov).",33563
"Mean salinity","soy","Soybeans","Spec. 2",300,-0.0651897559900737,0.0021789563044769,4.13568185925813e-194,TRUE,"The VCOV matrix is not positive semi-definite and was 'fixed' (see ?vcov).",33563
"Mean salinity","soy","Soybeans","Spec. 3",50,-0.0422049841125638,0.0160405106423406,0.00851354870513738,FALSE,"",33563
"Mean salinity","soy","Soybeans","Spec. 3",100,-0.0422049841125638,0.0193571018722176,0.0292395022645892,FALSE,"",33563
"Mean salinity","soy","Soybeans","Spec. 3",200,-0.0422049841125638,0.0184710631494661,0.0223234742969669,TRUE,"The VCOV matrix is not positive semi-definite and was 'fixed' (see ?vcov).",33563
"Mean salinity","soy","Soybeans","Spec. 3",250,-0.0422049841125638,0.0165467337646474,0.0107565216053386,TRUE,"The VCOV matrix is not positive semi-definite and was 'fixed' (see ?vcov).",33563
"Mean salinity","soy","Soybeans","Spec. 3",300,-0.0422049841125638,0.00994646320910723,2.2093126319924e-05,TRUE,"The VCOV matrix is not positive semi-definite and was 'fixed' (see ?vcov).",33563
"Mean salinity","sugarcane","Sugarcane","Spec. 1",50,-0.00388021183867598,0.0217876910502215,0.858651406393605,FALSE,"",57962
"Mean salinity","sugarcane","Sugarcane","Spec. 1",100,-0.00388021183867598,0.0215619623458609,0.857187473225244,FALSE,"",57962
"Mean salinity","sugarcane","Sugarcane","Spec. 1",200,-0.00388021183867598,0.00982218032167313,0.692810485418983,FALSE,"",57962
"Mean salinity","sugarcane","Sugarcane","Spec. 1",250,-0.00388021183867598,0.0161468479662403,0.810092579321963,FALSE,"",57962
"Mean salinity","sugarcane","Sugarcane","Spec. 1",300,-0.00388021183867598,0.0126042529406758,0.758198028744393,FALSE,"",57962
"Mean salinity","sugarcane","Sugarcane","Spec. 2",50,-0.00653746270731712,0.021138581096694,0.757119646510314,FALSE,"",57962
"Mean salinity","sugarcane","Sugarcane","Spec. 2",100,-0.00653746270731712,0.0198056095401838,0.741339674256569,FALSE,"",57962
"Mean salinity","sugarcane","Sugarcane","Spec. 2",200,-0.00653746270731712,0.0094927095628463,0.491025865792727,FALSE,"",57962
"Mean salinity","sugarcane","Sugarcane","Spec. 2",250,-0.00653746270731712,0.0161866190380157,0.686301954919057,FALSE,"",57962
"Mean salinity","sugarcane","Sugarcane","Spec. 2",300,-0.00653746270731712,0.0115916744645018,0.572770505654758,FALSE,"",57962
"Mean salinity","sugarcane","Sugarcane","Spec. 3",50,-0.00849731265238338,0.0204076775694474,0.677134799301145,FALSE,"",57962
"Mean salinity","sugarcane","Sugarcane","Spec. 3",100,-0.00849731265238338,0.0192857299441268,0.65950349480127,FALSE,"",57962
"Mean salinity","sugarcane","Sugarcane","Spec. 3",200,-0.00849731265238338,0.00984742701437063,0.388197816915329,FALSE,"",57962
"Mean salinity","sugarcane","Sugarcane","Spec. 3",250,-0.00849731265238338,0.015700871316116,0.588371770820814,TRUE,"The VCOV matrix is not positive semi-definite and was 'fixed' (see ?vcov).",57962
"Mean salinity","sugarcane","Sugarcane","Spec. 3",300,-0.00849731265238338,0.0113021222089121,0.452154325191594,TRUE,"The VCOV matrix is not positive semi-definite and was 'fixed' (see ?vcov).",57962
