"year","total","corn","rice","cassava","beans","soy","sugarcane","total_crop_value_current_thousand","value_unit","corn_value_current_thousand","rice_value_current_thousand","cassava_value_current_thousand","beans_value_current_thousand","soy_value_current_thousand","sugarcane_value_current_thousand","selected_value_current_thousand","selected_value_share_pct","corn_value_share_pct","rice_value_share_pct","cassava_value_share_pct","beans_value_share_pct","soy_value_share_pct","sugarcane_value_share_pct","selected_area_ha","selected_share_pct","total_area_mha","selected_area_mha","corn_area_share_pct","corn_area_mha","rice_area_share_pct","rice_area_mha","cassava_area_share_pct","cassava_area_mha","beans_area_share_pct","beans_area_mha","soy_area_share_pct","soy_area_mha","sugarcane_area_share_pct","sugarcane_area_mha","mean_selected_share_pct","mean_selected_value_share_pct"
1988,49600271,13451563,6116180,1833551,6078408,10601850,4183954,6338256585,"Mil Cruzados",589449944,445570557,458470402,279083448,718114259,880115578,3370804188,53.1818827905655,9.29987506966792,7.02985988378064,7.23338343677988,4.40315793873782,11.3298388818698,13.8857675797295,42265506,85.2122481346927,49.600271,42.265506,27.1199385180779,13.451563,12.3309406918361,6.11618,3.69665520577498,1.833551,12.2547878821065,6.078408,21.3745807961412,10.60185,8.43534504075593,4.183954,89.9525015316886,63.1653178700625
1989,49163643,13131492,5406147,1927057,5519998,12245236,4153353,98284496,"Mil Cruzados Novos",6762212,5301136,7619898,3871894,9244336,18007401,50806877,51.6936842205509,6.88024284114964,5.39366453077197,7.75289929756571,3.93947586606132,9.40569100542572,18.3217106795766,42383283,86.208589139743,49.163643,42.383283,26.7097619271216,13.131492,10.9962294698137,5.406147,3.91967901971788,1.927057,11.2278050672526,5.519998,24.9070964899814,12.245236,8.44801716585567,4.153353,89.9525015316886,63.1653178700625
1990,45980738,12023771,4158547,1975643,5304267,11584734,4322299,1722709443,"Mil Cruzeiros",172436978,111845016,133831907,79912711,176195767,306757726,980980105,56.9440255282794,10.0096379398554,6.49239002284844,7.76868714244344,4.6387805746764,10.2278284777475,17.8067013707082,39369261,85.6212029480693,45.980738,39.369261,26.1495824621171,12.023771,9.04410668658689,4.158547,4.29667527302411,1.975643,11.5358457274,5.304267,25.1947543773656,11.584734,9.40023842157557,4.322299,89.9525015316886,63.1653178700625
1991,44755350,13580647,4224316,1968801,5679728,9667625,4241352,8740093676,"Mil Cruzeiros",1001760678,808505695,707792879,441758117,728082853,1471693835,5159594057,59.0336242181027,11.4616698073935,9.25053809457591,8.09822989590575,5.05438652463249,8.33037813998826,16.8384217556068,39362469,87.9503098512245,44.75535,39.362469,30.3441867843733,13.580647,9.43868386684497,4.224316,4.39902938978245,1.968801,12.6906124072318,5.679728,21.6010488131587,9.667625,9.47674858983339,4.241352,89.9525015316886,63.1653178700625
1992,45422845,13886814,4876655,2031544,5528856,9463625,4224561,103777476104,"Mil Cruzeiros",13019360510,7072639844,7923339597,5256147617,10510238710,20115422422,63897148700,61.5713072805566,12.5454588016312,6.81519739111037,7.6349318700521,5.06482506062547,10.1276684542484,19.383225702889,40012055,88.0879544202923,45.422845,40.012055,30.5723122362767,13.886814,10.7361284833656,4.876655,4.47251597736778,2.031544,12.1719720550309,5.528856,20.8345051922661,9.463625,9.30052047598516,4.224561,89.9525015316886,63.1653178700625
1993,42970397,12876384,4644165,1908722,4697525,10654163,3953047,2111804269,"Mil Cruzeiros Reais",281591987,154080308,140086752,102930319,228954665,317875270,1225519301,58.031860196036,13.3341896847922,7.29614530389038,6.63351021950226,4.87404635509807,10.841661244885,15.0523073878681,38734006,90.1411406555076,42.970397,38.734006,29.9657087180274,12.876384,10.8078242795848,4.644165,4.44194639393255,1.908722,10.9320027925271,4.697525,24.7941926159072,10.654163,9.1994658555284,3.953047,89.9525015316886,63.1653178700625
1994,46758724,14522806,4473377,1904219,5729765,11544577,4359200,27500582,"Mil Reais",3106893,1761025,1733761,1598390,3839461,3186114,15225644,55.3648064611869,11.2975536299559,6.40359174944007,6.30445202941523,5.81220426534973,13.9613808900481,11.5856238969779,42533944,90.96472350272,46.758724,42.533944,31.0590297545331,14.522806,9.56693557334884,4.473377,4.07243576621124,1.904219,12.2538951233999,5.729765,24.6896750219275,11.544577,9.32275226329957,4.3592,89.9525015316886,63.1653178700625
1995,45960271,14182486,4420677,2010471,5366321,11702919,4638281,28775715,"Mil Reais",3616583,1968686,2468005,1312398,3538796,4127665,17032133,59.1892608055091,12.5681777151324,6.84148421681268,8.57669392402587,4.56078328548917,12.2978560219963,14.3442656420527,42321155,92.0820397251356,45.960271,42.321155,30.8581426771831,14.182486,9.61847461691425,4.420677,4.37436715723456,2.010471,11.6759994735453,5.366321,25.463120093439,11.702919,10.0919357068195,4.638281,89.9525015316886,63.1653178700625
1996,41215129,12505585,3271374,1590084,4499690,10356156,4830538,29937600,"Mil Reais",3780926,1751086,1901634,1259398,4824329,5093647,18611020,62.1660386938165,12.6293557265779,5.84911950189728,6.35199214365881,4.20674335952114,16.114615066004,17.0142128961573,37053427,89.9024894475036,41.215129,37.053427,30.3422197222772,12.505585,7.9373135044658,3.271374,3.85801048930358,1.590084,10.9175686433009,4.49969,25.1270740897111,10.356156,11.7203029984451,4.830538,89.9525015316886,63.1653178700625
1997,42433428,12825504,3093802,1639921,4513868,11508120,4881648,34407651,"Mil Reais",3753503,1885189,2055746,1476398,6438004,5854697,21463537,62.3801287684533,10.9089196469704,5.47898198572172,5.97467696937521,4.29090030005245,18.7109663487345,17.015683517599,38462863,90.6428370576141,42.433428,38.462863,30.2250009120168,12.825504,7.29095466904064,3.093802,3.86469129951038,1.639921,10.6375285070063,4.513868,27.1204108232783,11.50812,11.5042508467617,4.881648,89.9525015316886,63.1653178700625
1998,42466107,11245838,3155379,1644457,3890966,13319749,5050153,37605623,"Mil Reais",3875030,2247187,2181681,1961422,6495000,6060685,22821005,60.6850869084126,10.3043898514858,5.97566752184906,5.8014754867909,5.21576786535354,17.2713532760779,16.1164329068554,38306542,90.204976877207,42.466107,38.306542,26.481914153327,11.245838,7.43034674687746,3.155379,3.87239875790828,1.644457,9.16252106650605,3.890966,31.3655993943594,13.319749,11.8921967582289,5.050153,89.9525015316886,63.1653178700625
1999,44459394,12418490,3851178,1635933,4670257,13069793,4975189,40554656,"Mil Reais",4819181,3117066,2302064,1800130,7294961,4892181,24225583,59.7356392321513,11.8831756333971,7.68608664810275,5.67644810006526,4.4387751680103,17.9879740565424,12.0631796260336,40620840,91.3661576223913,44.459394,40.62084,27.9322070831645,12.41849,8.66223682670978,3.851178,3.67961155745848,1.635933,10.5045448887585,4.670257,29.3971460789591,13.069793,11.190411187341,4.975189,89.9525015316886,63.1653178700625
2000,45573754,12648005,3704863,1736680,4441431,13693677,4879841,45160184,"Mil Reais",6037136,2586649,2585287,1658867,8658735,6652318,28178992,62.3978679980578,13.3682714844563,5.72772024135243,5.72470431032788,3.67329548524426,19.1733829073859,14.730493569291,41104497,90.1933533937099,45.573754,41.104497,27.7528267695481,12.648005,8.12937858926434,3.704863,3.81070209840515,1.73668,9.74558953383564,4.441431,30.0472877437307,13.693677,10.7075686589259,4.879841,89.9525015316886,63.1653178700625
2001,45371768,12912390,3171300,1735149,3879069,13988351,5022490,53866314,"Mil Reais",6317535,2998580,2393705,1934169,10978839,8683720,33306548,61.8318676863615,11.7281739381685,5.56670723747684,4.44378837579271,3.59068378059059,20.3816414837666,16.1208728705662,40708749,89.7226420623503,45.371768,40.708749,28.4590849534451,12.91239,6.98958876806388,3.1713,3.8242922338843,1.735149,8.54952136756055,3.879069,30.8305177792499,13.988351,11.0696369601467,5.02249,89.9525015316886,63.1653178700625
2002,48117461,12304986,3171955,1747147,4321809,16376035,5206656,74486446,"Mil Reais",8917534,3824430,3287435,3106596,17233232,11540275,47909502,64.3197582550791,11.9720223998874,5.13439720294884,4.4134673843883,4.17068630177361,23.1360642444936,15.4931207215874,43128588,89.6318864372332,48.117461,43.128588,25.5728081745627,12.304986,6.59210800835896,3.171955,3.6310041379781,1.747147,8.98178937579437,4.321809,34.0334561709314,16.376035,10.8207205696078,5.206656,89.9525015316886,63.1653178700625
2003,52110698,13343992,3193936,1647935,4378213,18527544,5377216,99820868,"Mil Reais",13522976,5894739,4372646,4008884,28584866,12288334,68672445,68.7956800776367,13.5472434481335,5.90531731300914,4.380492864478,4.01607808098804,28.6361625306644,12.3103858403636,46468836,89.1733133185052,52.110698,46.468836,25.6070106756198,13.343992,6.12913686168625,3.193936,3.16237368380673,1.647935,8.40175466465638,4.378213,35.5542042442034,18.527544,10.3188331885326,5.377216,89.9525015316886,63.1653178700625
2004,56662542,12864838,3774215,1776967,4325777,21601340,5633700,111225741,"Mil Reais",11595513,7750355,4954660,3082348,32627677,12149902,72160455,64.8774774177499,10.4252063378027,6.96813069557343,4.45459832899652,2.77125418296831,29.3346456554513,10.9236422169577,49976837,88.2008382186595,56.662542,49.976837,22.7043079006233,12.864838,6.66086424431858,3.774215,3.13605238536598,1.776967,7.63427980340169,4.325777,38.122786655071,21.60134,9.94254722987896,5.6337,89.9525015316886,63.1653178700625
2005,57964209,12249101,3999315,1929672,3965847,23426756,5815151,95554505,"Mil Reais",9459161,5014251,4081973,3475946,21750332,13148658,56930321,59.578897928465,9.89923081072944,5.24752966906165,4.27187917513675,3.63765790006447,22.7622256009803,13.7603747724924,51385842,88.6509846101756,57.964209,51.385842,21.1321800319918,12.249101,6.89962835514585,3.999315,3.32907501592923,1.929672,6.84188927688119,3.965847,40.4158987143256,23.426756,10.0323132159019,5.815151,89.9525015316886,63.1653178700625
2006,56072355,12997372,3010169,1974419,4243474,22082666,6392846,98999705,"Mil Reais",9955266,4305559,4373156,3557632,18470711,17653323,58315647,58.904869464005,10.0558542068383,4.34906245427701,4.41734245571742,3.59357838490529,18.6573394334862,17.8316925287808,50700946,90.4205753441246,56.072355,50.700946,23.1796435159536,12.997372,5.36836556980708,3.010169,3.52119863701105,1.974419,7.56785406997798,4.243474,39.3824479103829,22.082666,11.4010656409919,6.392846,89.9525015316886,63.1653178700625
2007,55887379,14010838,2915316,1941104,3975900,20571393,7086851,116583679,"Mil Reais",15616489,4572156,4976437,3880952,25794985,19080325,73921344,63.4062543179822,13.3950902338568,3.92178050925979,4.26855374841962,3.3288982070981,22.1257256772623,16.3662059420856,50501402,90.3628026642652,55.887379,50.501402,25.0697711195224,14.010838,5.21641209905371,2.915316,3.47324214291746,1.941104,7.11412857632848,3.9759,36.8086558505454,20.571393,12.6805928758978,7.086851,89.9525015316886,63.1653178700625
2008,59032241,14747249,2869285,2008539,3967518,21252721,8210877,148792073,"Mil Reais",20746305,6998506,5610590,7161004,39077161,20650551,100244117,67.3719472945309,13.9431520656346,4.70354761439475,3.77075867475816,4.81275907756188,26.2629320313321,13.8787978308495,53056189,89.8766302976707,59.032241,53.056189,24.9816858553617,14.747249,4.860538836735,2.869285,3.40244409830215,2.008539,6.72093407397493,3.967518,36.0018875109281,21.252721,13.9091399223689,8.210877,89.9525015316886,63.1653178700625
2009,59431710,14144321,2905202,1796966,4277674,21761782,8845833,141449881,"Mil Reais",15032484,7070978,5575307,4436430,37988045,24634948,94738192,66.9765088031428,10.6274278166413,4.99892820694561,3.9415423757055,3.13639712429309,26.8561873162693,17.416025963288,53731778,90.4092747794065,59.43171,53.731778,23.7992832445844,14.144321,4.88830289419571,2.905202,3.02358118250341,1.796966,7.1976290098333,4.277674,36.6164493668447,21.761782,14.8840290814449,8.845833,89.9525015316886,63.1653178700625
2010,59059599,12963080,2778173,1817055,3655538,23339094,9164756,154180580,"Mil Reais",15181295,6242879,7003761,4944932,37332815,28309289,99014971,64.2201313550643,9.84643785877573,4.04906960396699,4.54257014729092,3.20723401092407,24.2136947467703,18.3611249873363,53717696,90.9550638838574,59.059599,53.717696,21.9491500441783,12.96308,4.70401602286531,2.778173,3.0766463551505,1.817055,6.18957470402059,3.655538,39.5178673664886,23.339094,15.5178093911542,9.164756,89.9525015316886,63.1653178700625
2011,61841033,13605369,2855312,1756686,3907926,24032410,9616615,195494942,"Mil Reais",22229336,5889804,7133063,5148770,50369438,39224254,129994665,66.4951551534259,11.3707985345217,3.01276541466735,3.6487199755787,2.63371008340461,25.7650850117647,20.0640761334889,55774318,90.1898226700062,61.841033,55.774318,22.0005526104326,13.605369,4.61718031133147,2.855312,2.84064789150595,1.756686,6.31930905811357,3.907926,38.861592108269,24.03241,15.5505406903536,9.616615,89.9525015316886,63.1653178700625
2012,63030377,15065288,2443182,1757734,3182815,25090559,9777659,204056693,"Mil Reais",26824867,6290787,7885089,6216876,50465629,40552332,138235580,67.7437127729988,13.145791302224,3.0828623690378,3.86416582768006,3.0466415526983,24.7311804665971,19.8730712547615,57317237,90.9358942910971,63.030377,57.317237,23.9016307962112,15.065288,3.87619766259688,2.443182,2.78870932344257,1.757734,5.04965248740302,3.182815,39.8070901590831,25.090559,15.5126138623604,9.777659,89.9525015316886,63.1653178700625
2013,66412304,15711617,2386821,1560263,3044329,27948605,10223043,232469272,"Mil Reais",26723097,7545033,10130512,6945595,68934363,42946610,163225210,70.2136710782146,11.4953244229199,3.24560443412065,4.35778540227889,2.98774755916988,29.6531074438087,18.4741018159166,60874678,91.6617468955752,66.412304,60.874678,23.6576899967211,15.711617,3.59394397760993,2.386821,2.34935833576862,1.560263,4.58398341367588,3.044329,42.0834744718388,27.948605,15.3932966999609,10.223043,89.9525015316886,63.1653178700625
2014,70398423,15843121,2347460,1592907,3401466,30308231,10454280,251317340,"Mil Reais",25998864,8365685,9555735,5173995,84390011,42128487,175612777,69.8769042358955,10.3450338922097,3.3287337037707,3.80225853098716,2.05874970664579,33.5790642221504,16.7630641801318,63947465,90.8365021188046,70.398423,63.947465,22.5049373620202,15.843121,3.33453492274962,2.34746,2.2627026744619,1.592907,4.83173607454246,3.401466,43.0524288875051,30.308231,14.8501621975254,10.45428,89.9525015316886,63.1653178700625
2015,71031304,15848557,2162178,1536161,3130125,32206387,10179827,268736965,"Mil Reais",29770753,8662295,8234091,6031840,90354971,43631303,186685253,69.4676495286013,11.0780267984347,3.22333587416975,3.06399642490567,2.24451444556576,33.6220850748984,16.2356909106271,65063235,91.5979734794113,71.031304,65.063235,22.3120738428229,15.848557,3.04397903211801,2.162178,2.16265352526824,1.536161,4.40668384744844,3.130125,45.341117488143,32.206387,14.3314657436107,10.179827,89.9525015316886,63.1653178700625
2016,71432966,16051087,2004643,1429195,2950103,33339305,10242703,320146193,"Mil Reais",37693016,8725929,10397959,9754040,105017264,51598386,223186594,69.7139615837943,11.7736886535459,2.72560761014578,3.2478783841106,3.04674558475852,32.8029088885652,16.1171324626684,66017036,92.4181644648495,71.432966,66.017036,22.4701393471468,16.051087,2.80632754350421,2.004643,2.00074990586279,1.429195,4.12989011264071,2.950103,46.6721555423024,33.339305,14.3389020133925,10.242703,89.9525015316886,63.1653178700625
2017,73644898,17739683,2010772,1278109,3075238,34004361,10233258,317138731,"Mil Reais",33001411,9756866,11002098,6962922,112305292,53862323,226890912,71.5431102611053,10.4059857009392,3.07652930603421,3.46917513521866,2.19554451077122,35.4120392819507,16.9838363261913,68341421,92.7985819194155,73.644898,68.341421,24.0881357456697,17.739683,2.73036157915515,2.010772,1.73550243765698,1.278109,4.17576516977456,3.075238,46.1734104105895,34.004361,13.8954065765696,10.233258,89.9525015316886,63.1653178700625
2018,73274337,16548228,1876326,1232624,2949494,34838351,10045644,343454922,"Mil Reais",37678190,8691890,9954056,5588931,127895812,52024888,241833767,70.4120836562069,10.9703450399235,2.53072221221509,2.89821323335119,1.62726769715648,37.2380198412181,15.1475156323426,67490667,92.1068272511289,73.274337,67.490667,22.5839341268963,16.548228,2.56068642422517,1.876326,1.68220423475138,1.232624,4.02527558864163,2.949494,47.5450920831941,34.838351,13.7096347934202,10.045644,89.9525015316886,63.1653178700625
